OBJECTID,CNTY_NM,CNTY_NBR,FIPS,DIST_NM,DIST_NBR,CREATE_USE,CREATE_DT,EDIT_NM,EDIT_DT,CMNT,SHAPE_area,SHAPE_len
1,Cameron,31,"48,061",Pharr,21,TPP,1/5/2015 9:24:38 AM,,,,"3,036,325,864.113454300000000","355,130.184207561430000"
2,Willacy,245,"48,489",Pharr,21,TPP,1/5/2015 9:24:38 AM,,,,"1,911,660,133.498733000000000","218,146.888948095790000"
3,Starr,214,"48,427",Pharr,21,TPP,1/5/2015 9:24:38 AM,,,,"3,191,596,040.675658200000000","271,541.117178044630000"
4,Hidalgo,109,"48,215",Pharr,21,TPP,1/5/2015 9:24:38 AM,,,,"4,110,431,603.829273200000000","351,241.674378058230000"
5,Brooks,24,"48,047",Pharr,21,TPP,1/5/2015 9:24:38 AM,,,,"2,446,492,155.040985600000000","215,261.010070490770000"
6,Kenedy,66,"48,261",Pharr,21,TPP,1/5/2015 9:24:38 AM,,,,"4,614,919,461.986561800000000","289,060.958223038120000"
7,Zapata,253,"48,505",Pharr,21,TPP,1/5/2015 9:24:38 AM,,,,"2,743,509,998.459033000000000","238,359.384073344200000"
8,Jim Hogg,125,"48,247",Pharr,21,TPP,1/5/2015 9:24:38 AM,,,,"2,944,762,789.928906400000000","239,224.284683252890000"
9,Kleberg,137,"48,273",Corpus Christi,16,TPP,1/5/2015 9:24:38 AM,,,,"2,625,110,610.672701800000000","258,972.704751008130000"
10,Nueces,178,"48,355",Corpus Christi,16,TPP,1/5/2015 9:24:38 AM,,,,"2,831,497,230.030514200000000","339,136.344789504890000"
11,Duval,67,"48,131",Laredo,22,TPP,1/5/2015 9:24:38 AM,,,,"4,648,505,659.465704900000000","293,022.706591567430000"
12,Jim Wells,126,"48,249",Corpus Christi,16,TPP,1/5/2015 9:24:38 AM,,,,"2,247,585,383.794481800000000","258,335.831152930390000"
13,San Patricio,205,"48,409",Corpus Christi,16,TPP,1/5/2015 9:24:38 AM,,,,"1,830,571,988.094625700000000","313,505.558890779270000"
14,Webb,240,"48,479",Laredo,22,TPP,1/5/2015 9:24:38 AM,,,,"8,732,639,383.048225400000000","492,556.694351148970000"
15,Aransas,4,"48,007",Corpus Christi,16,TPP,1/5/2015 9:24:38 AM,,,,"1,188,529,792.731580000000000","191,975.007802988610000"
16,Refugio,196,"48,391",Corpus Christi,16,TPP,1/5/2015 9:24:38 AM,,,,"2,084,764,103.645045000000000","316,847.341871729000000"
17,Dimmit,64,"48,127",Laredo,22,TPP,1/5/2015 9:24:38 AM,,,,"3,407,773,155.034665600000000","238,973.986234128680000"
18,La Salle,142,"48,283",Laredo,22,TPP,1/5/2015 9:24:38 AM,,,,"3,892,658,623.001882100000000","250,683.622582592160000"
19,McMullen,162,"48,311",San Antonio,15,TPP,1/5/2015 9:24:38 AM,,,,"3,010,545,927.823828200000000","222,670.630760811440000"
20,Bee,13,"48,025",Corpus Christi,16,TPP,1/5/2015 9:24:38 AM,,,,"2,275,710,091.682690600000000","231,504.374671886940000"
21,Calhoun,29,"48,057",Yoakum,13,TPP,1/5/2015 9:24:38 AM,,,,"2,397,790,813.250325200000000","270,386.005774730060000"
22,Live Oak,149,"48,297",Corpus Christi,16,TPP,1/5/2015 9:24:38 AM,,,,"2,789,412,825.915942700000000","242,742.767224959330000"
23,Goliad,89,"48,175",Corpus Christi,16,TPP,1/5/2015 9:24:38 AM,,,,"2,220,803,013.137143100000000","224,756.864086896560000"
24,Maverick,159,"48,323",Laredo,22,TPP,1/5/2015 9:24:38 AM,,,,"3,336,857,078.200629700000000","301,286.555875760560000"
25,Zavala,254,"48,507",Laredo,22,TPP,1/5/2015 9:24:38 AM,,,,"3,354,475,682.403138600000000","236,011.586842759860000"
26,Frio,83,"48,163",San Antonio,15,TPP,1/5/2015 9:24:38 AM,,,,"2,924,168,271.090444600000000","217,837.628162307110000"
27,Victoria,235,"48,469",Yoakum,13,TPP,1/5/2015 9:24:38 AM,,,,"2,295,831,216.617962400000000","283,983.726125726240000"
28,Karnes,129,"48,255",Corpus Christi,16,TPP,1/5/2015 9:24:38 AM,,,,"1,940,238,514.630960000000000","204,169.776462488430000"
29,Atascosa,7,"48,013",San Antonio,15,TPP,1/5/2015 9:24:38 AM,,,,"3,146,090,100.713845300000000","235,329.901169948080000"
30,Matagorda,158,"48,321",Yoakum,13,TPP,1/5/2015 9:24:38 AM,,,,"3,585,265,640.699699900000000","309,297.933977783370000"
31,Jackson,121,"48,239",Yoakum,13,TPP,1/5/2015 9:24:38 AM,,,,"2,214,339,157.771627400000000","235,232.780988817100000"
32,De Witt,62,"48,123",Yoakum,13,TPP,1/5/2015 9:24:38 AM,,,,"2,350,459,961.134230600000000","212,649.894477715920000"
33,Wilson,247,"48,493",San Antonio,15,TPP,1/5/2015 9:24:38 AM,,,,"2,084,881,155.664182200000000","197,422.562904393010000"
34,Kinney,136,"48,271",Laredo,22,TPP,1/5/2015 9:24:38 AM,,,,"3,521,538,543.067251200000000","249,988.163383007020000"
35,Uvalde,232,"48,463",San Antonio,15,TPP,1/5/2015 9:24:38 AM,,,,"4,035,987,590.181725000000000","254,788.750344456090000"
36,Lavaca,143,"48,285",Yoakum,13,TPP,1/5/2015 9:24:38 AM,,,,"2,506,804,024.942513000000000","198,620.690925281030000"
37,Brazoria,20,"48,039",Houston,12,TPP,1/5/2015 9:24:38 AM,,,,"3,837,394,729.528724700000000","318,786.986215202370000"
38,Wharton,241,"48,481",Yoakum,13,TPP,1/5/2015 9:24:38 AM,,,,"2,825,410,062.936862500000000","253,029.942691538540000"
39,Medina,163,"48,325",San Antonio,15,TPP,1/5/2015 9:24:38 AM,,,,"3,451,935,695.622901900000000","260,024.766520199220000"
40,Galveston,85,"48,167",Houston,12,TPP,1/5/2015 9:24:38 AM,,,,"1,722,360,525.971066500000000","308,579.071919057290000"
41,Bexar,15,"48,029",San Antonio,15,TPP,1/5/2015 9:24:38 AM,,,,"3,245,607,399.300924800000000","282,986.831117378260000"
42,Gonzales,90,"48,177",Yoakum,13,TPP,1/5/2015 9:24:38 AM,,,,"2,762,784,033.951322100000000","220,035.301916891450000"
43,Fort Bend,80,"48,157",Houston,12,TPP,1/5/2015 9:24:38 AM,,,,"2,286,046,785.814864600000000","256,910.804445029990000"
44,Guadalupe,95,"48,187",San Antonio,15,TPP,1/5/2015 9:24:38 AM,,,,"1,848,482,309.535972400000000","244,714.574151730690000"
45,Bandera,10,"48,019",San Antonio,15,TPP,1/5/2015 9:24:38 AM,,,,"2,058,453,395.556649000000000","212,487.265274668400000"
46,Colorado,45,"48,089",Yoakum,13,TPP,1/5/2015 9:24:38 AM,,,,"2,513,596,598.158443000000000","243,855.418786712860000"
47,Chambers,36,"48,071",Beaumont,20,TPP,1/5/2015 9:24:38 AM,,,,"2,241,587,127.206687000000000","261,181.503074215380000"
48,Comal,46,"48,091",San Antonio,15,TPP,1/5/2015 9:24:38 AM,,,,"1,484,028,098.126138200000000","199,024.883721714340000"
49,Real,193,"48,385",San Angelo,7,TPP,1/5/2015 9:24:38 AM,,,,"1,806,037,549.248297900000000","192,459.316992640580000"
50,Caldwell,28,"48,055",Austin,14,TPP,1/5/2015 9:24:38 AM,,,,"1,410,111,574.668734800000000","191,488.666866684330000"
51,Kendall,131,"48,259",San Antonio,15,TPP,1/5/2015 9:24:38 AM,,,,"1,710,592,431.284245000000000","165,220.441590242410000"
52,Austin,8,"48,015",Yoakum,13,TPP,1/5/2015 9:24:38 AM,,,,"1,693,232,554.723113300000000","253,402.799368648620000"
53,Fayette,76,"48,149",Yoakum,13,TPP,1/5/2015 9:24:38 AM,,,,"2,475,789,077.933636700000000","208,455.254070984080000"
54,Harris,102,"48,201",Houston,12,TPP,1/5/2015 9:24:38 AM,,,,"4,586,074,930.230649900000000","417,903.529574704760000"
55,Edwards,70,"48,137",San Angelo,7,TPP,1/5/2015 9:24:38 AM,,,,"5,471,440,625.259216300000000","343,281.952630641640000"
56,Kerr,133,"48,265",San Antonio,15,TPP,1/5/2015 9:24:38 AM,,,,"2,856,673,768.395209300000000","262,804.913838304000000"
57,Val Verde,233,"48,465",Laredo,22,TPP,1/5/2015 9:24:38 AM,,,,"8,340,868,425.937170000000000","459,103.872291848240000"
58,Waller,237,"48,473",Houston,12,TPP,1/5/2015 9:24:38 AM,,,,"1,336,217,939.756062700000000","251,543.537464392400000"
59,Jefferson,124,"48,245",Beaumont,20,TPP,1/5/2015 9:24:38 AM,,,,"2,565,271,484.306468500000000","294,288.938992403040000"
60,Hays,106,"48,209",Austin,14,TPP,1/5/2015 9:24:38 AM,,,,"1,750,829,816.667527900000000","186,636.034402350140000"
61,Orange,181,"48,361",Beaumont,20,TPP,1/5/2015 9:24:38 AM,,,,"960,920,355.856405020000000","172,980.241808767110000"
62,Bastrop,11,"48,021",Austin,14,TPP,1/5/2015 9:24:38 AM,,,,"2,310,355,282.327827500000000","189,801.980346720400000"
63,Washington,239,"48,477",Bryan,17,TPP,1/5/2015 9:24:38 AM,,,,"1,602,501,406.943323400000000","258,870.194543859750000"
64,Gillespie,87,"48,171",Austin,14,TPP,1/5/2015 9:24:38 AM,,,,"2,738,061,685.743046800000000","217,086.652316517170000"
65,Blanco,16,"48,031",Austin,14,TPP,1/5/2015 9:24:38 AM,,,,"1,841,345,438.251089100000000","175,729.319531111020000"
66,Lee,144,"48,287",Austin,14,TPP,1/5/2015 9:24:38 AM,,,,"1,635,370,030.369113900000000","225,567.752973743070000"
67,Liberty,146,"48,291",Beaumont,20,TPP,1/5/2015 9:24:38 AM,,,,"3,029,509,164.712439100000000","246,749.487305042890000"
68,Travis,227,"48,453",Austin,14,TPP,1/5/2015 9:24:38 AM,,,,"2,643,655,776.714204300000000","253,009.404998673910000"
69,Hardin,101,"48,199",Beaumont,20,TPP,1/5/2015 9:24:38 AM,,,,"2,315,247,810.631071600000000","275,518.887685870810000"
70,Terrell,222,"48,443",Odessa,6,TPP,1/5/2015 9:24:38 AM,,,,"6,084,935,852.559759100000000","396,927.091670723980000"
71,Montgomery,170,"48,339",Houston,12,TPP,1/5/2015 9:24:38 AM,,,,"2,777,919,442.220340300000000","278,146.027667661370000"
72,Sutton,218,"48,435",San Angelo,7,TPP,1/5/2015 9:24:38 AM,,,,"3,737,041,968.357825300000000","254,927.515468258290000"
73,Kimble,134,"48,267",San Angelo,7,TPP,1/5/2015 9:24:38 AM,,,,"3,224,143,550.242343400000000","249,430.920622603620000"
74,Brewster,22,"48,043",El Paso,24,TPP,1/5/2015 9:24:38 AM,,,,"15,983,446,205.494701000000000","625,393.918589967890000"
75,Presidio,189,"48,377",El Paso,24,TPP,1/5/2015 9:24:38 AM,,,,"9,949,186,505.412349700000000","548,054.661774567330000"
76,Burleson,26,"48,051",Bryan,17,TPP,1/5/2015 9:24:38 AM,,,,"1,748,402,768.973891500000000","252,521.555501690450000"
77,Williamson,246,"48,491",Austin,14,TPP,1/5/2015 9:24:38 AM,,,,"2,930,544,187.286222900000000","251,919.143913102070000"
78,Grimes,94,"48,185",Bryan,17,TPP,1/5/2015 9:24:38 AM,,,,"2,069,003,336.940108800000000","250,913.745329986090000"
79,Llano,150,"48,299",Austin,14,TPP,1/5/2015 9:24:38 AM,,,,"2,492,641,635.490548100000000","234,685.690173657840000"
80,Mason,157,"48,319",Austin,14,TPP,1/5/2015 9:24:38 AM,,,,"2,408,009,523.018623800000000","197,482.364002065150000"
81,San Jacinto,204,"48,407",Lufkin,11,TPP,1/5/2015 9:24:38 AM,,,,"1,620,464,196.686738500000000","226,182.751803177500000"
82,Brazos,21,"48,041",Bryan,17,TPP,1/5/2015 9:24:38 AM,,,,"1,522,667,583.958965100000000","289,487.525135447040000"
83,Burnet,27,"48,053",Austin,14,TPP,1/5/2015 9:24:38 AM,,,,"2,631,498,060.046773400000000","254,137.222044585040000"
84,Menard,164,"48,327",San Angelo,7,TPP,1/5/2015 9:24:38 AM,,,,"2,326,978,745.469161000000000","204,003.370095725230000"
85,Schleicher,207,"48,413",San Angelo,7,TPP,1/5/2015 9:24:38 AM,,,,"3,392,942,608.337643100000000","245,363.076634955530000"
86,Crockett,53,"48,105",San Angelo,7,TPP,1/5/2015 9:24:38 AM,,,,"7,240,571,916.373770700000000","511,838.024232390390000"
87,Walker,236,"48,471",Bryan,17,TPP,1/5/2015 9:24:38 AM,,,,"2,066,335,595.711175400000000","222,705.667825673150000"
88,Milam,166,"48,331",Bryan,17,TPP,1/5/2015 9:24:38 AM,,,,"2,634,681,589.772343200000000","234,929.205976592610000"
89,Madison,154,"48,313",Bryan,17,TPP,1/5/2015 9:24:38 AM,,,,"1,217,476,911.404820000000000","200,975.692987082120000"
90,Jeff Davis,123,"48,243",El Paso,24,TPP,1/5/2015 9:24:38 AM,,,,"5,837,428,922.539625200000000","339,266.203287138780000"
91,Tyler,229,"48,457",Beaumont,20,TPP,1/5/2015 9:24:38 AM,,,,"2,413,092,142.413974300000000","273,795.835411563460000"
92,Polk,187,"48,373",Lufkin,11,TPP,1/5/2015 9:24:38 AM,,,,"2,864,119,562.803679900000000","285,142.711919881520000"
93,Jasper,122,"48,241",Beaumont,20,TPP,1/5/2015 9:24:38 AM,,,,"2,501,601,465.673173000000000","389,245.084230059580000"
94,Bell,14,"48,027",Waco,9,TPP,1/5/2015 9:24:38 AM,,,,"2,802,726,864.944381700000000","219,994.711379097950000"
95,Newton,176,"48,351",Beaumont,20,TPP,1/5/2015 9:24:38 AM,,,,"2,424,428,475.534002800000000","380,480.365352446100000"
96,Pecos,186,"48,371",Odessa,6,TPP,1/5/2015 9:24:38 AM,,,,"12,285,609,531.989431000000000","623,824.506278400080000"
97,Robertson,198,"48,395",Bryan,17,TPP,1/5/2015 9:24:38 AM,,,,"2,231,902,042.821703400000000","255,025.739635329580000"
98,Lampasas,141,"48,281",Brownwood,23,TPP,1/5/2015 9:24:38 AM,,,,"1,841,457,505.459125500000000","201,370.949922774690000"
99,Trinity,228,"48,455",Lufkin,11,TPP,1/5/2015 9:24:38 AM,,,,"1,838,917,564.539461400000000","228,821.093698431160000"
100,San Saba,206,"48,411",Brownwood,23,TPP,1/5/2015 9:24:38 AM,,,,"2,934,755,020.868702400000000","318,663.210650622260000"
101,McCulloch,160,"48,307",Brownwood,23,TPP,1/5/2015 9:24:38 AM,,,,"2,770,057,803.755982900000000","254,364.354937748400000"
102,Irion,119,"48,235",San Angelo,7,TPP,1/5/2015 9:24:38 AM,,,,"2,712,939,431.702131700000000","208,505.444129704260000"
103,Falls,74,"48,145",Waco,9,TPP,1/5/2015 9:24:38 AM,,,,"1,995,576,131.137508400000000","182,396.870496388230000"
104,Concho,48,"48,095",San Angelo,7,TPP,1/5/2015 9:24:38 AM,,,,"2,561,383,778.633733700000000","222,091.553703377080000"
105,Angelina,3,"48,005",Lufkin,11,TPP,1/5/2015 9:24:38 AM,,,,"2,229,936,319.050563800000000","347,588.519609660670000"
106,Reagan,192,"48,383",San Angelo,7,TPP,1/5/2015 9:24:38 AM,,,,"3,032,649,157.843783900000000","222,401.479222512020000"
107,Upton,231,"48,461",Odessa,6,TPP,1/5/2015 9:24:38 AM,,,,"3,205,245,748.916068600000000","227,421.965991004780000"
108,Houston,114,"48,225",Lufkin,11,TPP,1/5/2015 9:24:38 AM,,,,"3,191,088,572.612865000000000","320,157.369153488080000"
109,Crane,52,"48,103",Odessa,6,TPP,1/5/2015 9:24:38 AM,,,,"2,025,825,161.211725200000000","248,826.486930236510000"
110,Ward,238,"48,475",Odessa,6,TPP,1/5/2015 9:24:38 AM,,,,"2,156,259,412.329745800000000","295,224.867626880300000"
111,Tom Green,226,"48,451",San Angelo,7,TPP,1/5/2015 9:24:38 AM,,,,"3,972,863,776.107020900000000","352,403.459337797020000"
112,Leon,145,"48,289",Bryan,17,TPP,1/5/2015 9:24:38 AM,,,,"2,787,189,189.626280300000000","295,887.138193704940000"
113,Coryell,50,"48,099",Waco,9,TPP,1/5/2015 9:24:38 AM,,,,"2,725,147,505.657695300000000","209,042.576452287820000"
114,Mills,167,"48,333",Brownwood,23,TPP,1/5/2015 9:24:38 AM,,,,"1,934,182,329.245232600000000","247,593.166595646790000"
115,Sabine,202,"48,403",Lufkin,11,TPP,1/5/2015 9:24:38 AM,,,,"1,486,644,010.034750700000000","206,644.596091493180000"
116,San Augustine,203,"48,405",Lufkin,11,TPP,1/5/2015 9:24:38 AM,,,,"1,528,285,275.591754700000000","264,165.095837910020000"
117,Limestone,147,"48,293",Waco,9,TPP,1/5/2015 9:24:38 AM,,,,"2,406,458,742.443901500000000","198,129.597246496120000"
118,McLennan,161,"48,309",Waco,9,TPP,1/5/2015 9:24:38 AM,,,,"2,736,110,654.826087500000000","211,096.141583037360000"
119,Nacogdoches,174,"48,347",Lufkin,11,TPP,1/5/2015 9:24:38 AM,,,,"2,531,019,377.794724900000000","412,628.388015533860000"
120,Hamilton,98,"48,193",Waco,9,TPP,1/5/2015 9:24:38 AM,,,,"2,156,715,395.778203500000000","200,601.808379755210000"
121,Loving,151,"48,301",Odessa,6,TPP,1/5/2015 9:24:38 AM,,,,"1,744,553,165.305731500000000","215,040.025188055270000"
122,Reeves,195,"48,389",Odessa,6,TPP,1/5/2015 9:24:38 AM,,,,"6,817,781,502.618067700000000","473,160.641243730150000"
123,Freestone,82,"48,161",Bryan,17,TPP,1/5/2015 9:24:38 AM,,,,"2,300,947,240.372130400000000","253,145.565801278780000"
124,Coleman,42,"48,083",Brownwood,23,TPP,1/5/2015 9:24:38 AM,,,,"3,305,937,289.798926800000000","278,080.223169073350000"
125,Runnels,200,"48,399",San Angelo,7,TPP,1/5/2015 9:24:38 AM,,,,"2,725,973,960.736000100000000","209,054.446736496380000"
126,Brown,25,"48,049",Brownwood,23,TPP,1/5/2015 9:24:38 AM,,,,"2,468,519,324.180813300000000","216,440.085988408770000"
127,Coke,41,"48,081",San Angelo,7,TPP,1/5/2015 9:24:38 AM,,,,"2,393,374,623.408602700000000","197,516.267153144990000"
128,Culberson,55,"48,109",El Paso,24,TPP,1/5/2015 9:24:38 AM,,,,"9,838,384,104.021579700000000","425,692.725607624220000"
129,Sterling,216,"48,431",San Angelo,7,TPP,1/5/2015 9:24:38 AM,,,,"2,380,853,521.720783700000000","201,180.009200856210000"
130,Glasscock,88,"48,173",San Angelo,7,TPP,1/5/2015 9:24:38 AM,,,,"2,323,706,468.569442700000000","192,851.396278671160000"
131,Midland,165,"48,329",Odessa,6,TPP,1/5/2015 9:24:38 AM,,,,"2,326,731,000.917074200000000","192,982.372873292190000"
132,Ector,69,"48,135",Odessa,6,TPP,1/5/2015 9:24:38 AM,,,,"2,330,054,802.799840000000000","193,064.692235812920000"
133,Shelby,210,"48,419",Lufkin,11,TPP,1/5/2015 9:24:38 AM,,,,"2,152,357,796.832498100000000","267,405.096435791700000"
134,Winkler,248,"48,495",Odessa,6,TPP,1/5/2015 9:24:38 AM,,,,"2,166,423,893.884158100000000","196,221.587099282300000"
135,Hudspeth,116,"48,229",El Paso,24,TPP,1/5/2015 9:24:38 AM,,,,"11,786,038,377.944807000000000","517,234.868720946430000"
136,Anderson,1,"48,001",Tyler,10,TPP,1/5/2015 9:24:38 AM,,,,"2,781,077,009.438115600000000","371,895.382301418050000"
137,El Paso,72,"48,141",El Paso,24,TPP,1/5/2015 9:24:38 AM,,,,"2,616,740,374.714622000000000","248,082.751725300740000"
138,Bosque,18,"48,035",Waco,9,TPP,1/5/2015 9:24:38 AM,,,,"2,585,692,994.926580900000000","257,827.899352924140000"
139,Cherokee,37,"48,073",Tyler,10,TPP,1/5/2015 9:24:38 AM,,,,"2,739,707,239.369921700000000","369,489.773240411830000"
140,Comanche,47,"48,093",Brownwood,23,TPP,1/5/2015 9:24:38 AM,,,,"2,456,931,895.152180200000000","212,885.227684573850000"
141,Hill,110,"48,217",Waco,9,TPP,1/5/2015 9:24:38 AM,,,,"2,543,395,565.205134900000000","259,299.308006956650000"
142,Somervell,213,"48,425",Fort Worth,2,TPP,1/5/2015 9:24:38 AM,,,,"494,310,352.234762730000000","91,523.470610013697000"
143,Navarro,175,"48,349",Dallas,18,TPP,1/5/2015 9:24:38 AM,,,,"2,801,353,517.779901000000000","249,100.029408702690000"
144,Henderson,108,"48,213",Tyler,10,TPP,1/5/2015 9:24:38 AM,,,,"2,447,648,256.233771300000000","308,706.304737908470000"
145,Callahan,30,"48,059",Abilene,8,TPP,1/5/2015 9:24:38 AM,,,,"2,323,873,835.113317000000000","192,858.636588839610000"
146,Rusk,201,"48,401",Tyler,10,TPP,1/5/2015 9:24:38 AM,,,,"2,422,926,374.176488900000000","249,800.133717198650000"
147,Eastland,68,"48,133",Brownwood,23,TPP,1/5/2015 9:24:38 AM,,,,"2,399,305,944.071663400000000","199,473.317148924310000"
148,Taylor,221,"48,441",Abilene,8,TPP,1/5/2015 9:24:38 AM,,,,"2,371,585,982.742768300000000","195,186.736480224030000"
149,Erath,73,"48,143",Fort Worth,2,TPP,1/5/2015 9:24:38 AM,,,,"2,804,654,188.163056400000000","216,298.822143234920000"
150,Nolan,177,"48,353",Abilene,8,TPP,1/5/2015 9:24:38 AM,,,,"2,358,447,858.186786200000000","194,299.670905406210000"
151,Panola,183,"48,365",Atlanta,19,TPP,1/5/2015 9:24:38 AM,,,,"2,117,708,924.380827200000000","209,227.327461384120000"
152,Mitchell,168,"48,335",Abilene,8,TPP,1/5/2015 9:24:38 AM,,,,"2,365,427,944.080544000000000","194,659.607510048550000"
153,Howard,115,"48,227",Abilene,8,TPP,1/5/2015 9:24:38 AM,,,,"2,332,929,003.283990900000000","193,213.338659759350000"
154,Martin,156,"48,317",Odessa,6,TPP,1/5/2015 9:24:38 AM,,,,"2,362,417,387.622517100000000","194,361.808945362920000"
155,Andrews,2,"48,003",Odessa,6,TPP,1/5/2015 9:24:38 AM,,,,"3,872,776,241.649103600000000","257,025.207750097850000"
156,Hood,112,"48,221",Fort Worth,2,TPP,1/5/2015 9:24:38 AM,,,,"1,136,364,291.697334800000000","141,174.518510595050000"
157,Johnson,127,"48,251",Fort Worth,2,TPP,1/5/2015 9:24:38 AM,,,,"1,893,514,380.787159700000000","184,294.418806186210000"
158,Ellis,71,"48,139",Dallas,18,TPP,1/5/2015 9:24:38 AM,,,,"2,455,541,832.205734700000000","225,032.045243929660000"
159,Smith,212,"48,423",Tyler,10,TPP,1/5/2015 9:24:38 AM,,,,"2,450,482,484.055803300000000","298,062.786401552960000"
160,Gregg,93,"48,183",Tyler,10,TPP,1/5/2015 9:24:38 AM,,,,"708,883,119.460247040000000","135,807.621304639380000"
161,Kaufman,130,"48,257",Dallas,18,TPP,1/5/2015 9:24:38 AM,,,,"2,084,159,496.303345700000000","204,269.681876742310000"
162,Harrison,103,"48,203",Atlanta,19,TPP,1/5/2015 9:24:38 AM,,,,"2,363,257,850.646355200000000","260,494.182362915660000"
163,Van Zandt,234,"48,467",Tyler,10,TPP,1/5/2015 9:24:38 AM,,,,"2,218,143,219.833621000000000","243,904.998639354800000"
164,Shackelford,209,"48,417",Abilene,8,TPP,1/5/2015 9:24:38 AM,,,,"2,363,311,525.193410900000000","194,404.972962829020000"
165,Jones,128,"48,253",Abilene,8,TPP,1/5/2015 9:24:38 AM,,,,"2,416,347,679.924143300000000","197,862.814081362830000"
166,Stephens,215,"48,429",Brownwood,23,TPP,1/5/2015 9:24:38 AM,,,,"2,378,760,143.622363600000000","194,989.341120893370000"
167,Fisher,77,"48,151",Abilene,8,TPP,1/5/2015 9:24:38 AM,,,,"2,330,531,367.281710100000000","193,042.015803878660000"
168,Borden,17,"48,033",Abilene,8,TPP,1/5/2015 9:24:38 AM,,,,"2,338,904,890.855636600000000","193,601.951763045160000"
169,Scurry,208,"48,415",Abilene,8,TPP,1/5/2015 9:24:38 AM,,,,"2,347,880,278.269948500000000","193,261.872432922070000"
170,Dawson,58,"48,115",Lubbock,5,TPP,1/5/2015 9:24:38 AM,,,,"2,328,088,010.826070300000000","193,066.893525499440000"
171,Gaines,84,"48,165",Lubbock,5,TPP,1/5/2015 9:24:38 AM,,,,"3,879,036,414.661204300000000","257,308.171425554000000"
172,Upshur,230,"48,459",Atlanta,19,TPP,1/5/2015 9:24:38 AM,,,,"1,529,407,843.429695100000000","182,708.507012973830000"
173,Marion,155,"48,315",Atlanta,19,TPP,1/5/2015 9:24:38 AM,,,,"1,084,820,623.255181800000000","200,203.651859979610000"
174,Palo Pinto,182,"48,363",Fort Worth,2,TPP,1/5/2015 9:24:38 AM,,,,"2,543,403,053.213572500000000","205,427.354301956450000"
175,Parker,184,"48,367",Fort Worth,2,TPP,1/5/2015 9:24:38 AM,,,,"2,339,051,327.820791200000000","193,835.129949982710000"
176,Tarrant,220,"48,439",Fort Worth,2,TPP,1/5/2015 9:24:38 AM,,,,"2,332,752,345.690647100000000","193,361.286246208530000"
177,Dallas,57,"48,113",Dallas,18,TPP,1/5/2015 9:24:38 AM,,,,"2,344,544,409.679538200000000","193,523.885033818830000"
178,Rockwall,199,"48,397",Dallas,18,TPP,1/5/2015 9:24:38 AM,,,,"383,554,326.664607050000000","78,393.111571101777000"
179,Rains,190,"48,379",Paris,1,TPP,1/5/2015 9:24:38 AM,,,,"666,484,779.422371030000000","135,875.693758065750000"
180,Wood,250,"48,499",Tyler,10,TPP,1/5/2015 9:24:38 AM,,,,"1,794,954,011.475220000000000","222,985.278058318510000"
181,Camp,32,"48,063",Atlanta,19,TPP,1/5/2015 9:24:38 AM,,,,"524,923,255.448472500000000","141,417.668921606320000"
182,Stonewall,217,"48,433",Abilene,8,TPP,1/5/2015 9:24:38 AM,,,,"2,392,432,694.094727000000000","196,349.699279608700000"
183,Haskell,105,"48,207",Abilene,8,TPP,1/5/2015 9:24:38 AM,,,,"2,350,406,455.333409800000000","194,021.169295095260000"
184,Kent,132,"48,263",Abilene,8,TPP,1/5/2015 9:24:38 AM,,,,"2,305,982,390.023361200000000","192,066.178194029490000"
185,Throckmorton,224,"48,447",Wichita Falls,3,TPP,1/5/2015 9:24:38 AM,,,,"2,363,573,198.737586000000000","194,515.795148912290000"
186,Garza,86,"48,169",Lubbock,5,TPP,1/5/2015 9:24:38 AM,,,,"2,314,226,694.681375000000000","191,948.516959834410000"
187,Lynn,153,"48,305",Lubbock,5,TPP,1/5/2015 9:24:38 AM,,,,"2,305,761,130.702835600000000","192,164.973771642050000"
188,Young,252,"48,503",Wichita Falls,3,TPP,1/5/2015 9:24:38 AM,,,,"2,403,000,551.938581000000000","196,391.426843549880000"
189,Terry,223,"48,445",Lubbock,5,TPP,1/5/2015 9:24:38 AM,,,,"2,299,490,461.368725300000000","191,754.503169362200000"
190,Yoakum,251,"48,501",Lubbock,5,TPP,1/5/2015 9:24:38 AM,,,,"2,066,259,793.805211800000000","181,973.568609392620000"
191,Collin,43,"48,085",Dallas,18,TPP,1/5/2015 9:24:38 AM,,,,"2,288,277,116.197114000000000","194,748.206309679870000"
192,Denton,61,"48,121",Dallas,18,TPP,1/5/2015 9:24:38 AM,,,,"2,457,334,150.544012100000000","198,596.198175632510000"
193,Wise,249,"48,497",Fort Worth,2,TPP,1/5/2015 9:24:38 AM,,,,"2,382,450,528.497792700000000","195,326.423005080750000"
194,Hopkins,113,"48,223",Paris,1,TPP,1/5/2015 9:24:38 AM,,,,"2,048,439,247.891300200000000","233,614.422613372150000"
195,Morris,172,"48,343",Atlanta,19,TPP,1/5/2015 9:24:38 AM,,,,"665,521,281.869705800000000","162,432.421584534490000"
196,Hunt,117,"48,231",Paris,1,TPP,1/5/2015 9:24:38 AM,,,,"2,277,916,801.525421100000000","209,758.223636515290000"
197,Franklin,81,"48,159",Paris,1,TPP,1/5/2015 9:24:38 AM,,,,"761,454,862.395669700000000","149,690.396317990410000"
198,Jack,120,"48,237",Fort Worth,2,TPP,1/5/2015 9:24:38 AM,,,,"2,376,753,918.826911000000000","196,369.119807925370000"
199,Titus,225,"48,449",Atlanta,19,TPP,1/5/2015 9:24:38 AM,,,,"1,102,100,751.883180400000000","208,717.647160255180000"
200,Delta,60,"48,119",Paris,1,TPP,1/5/2015 9:24:38 AM,,,,"717,833,968.740485550000000","235,404.366302589590000"
201,Bowie,19,"48,037",Atlanta,19,TPP,1/5/2015 9:24:38 AM,,,,"2,383,322,642.827450300000000","413,303.552071190610000"
202,Knox,138,"48,275",Childress,25,TPP,1/5/2015 9:24:38 AM,,,,"2,210,399,800.175948100000000","217,505.404424501230000"
203,King,135,"48,269",Childress,25,TPP,1/5/2015 9:24:38 AM,,,,"2,361,016,508.411369800000000","194,612.341687900250000"
204,Dickens,63,"48,125",Childress,25,TPP,1/5/2015 9:24:38 AM,,,,"2,337,886,755.418972000000000","193,866.608390347570000"
205,Baylor,12,"48,023",Wichita Falls,3,TPP,1/5/2015 9:24:38 AM,,,,"2,327,441,435.379440800000000","193,023.641423632190000"
206,Crosby,54,"48,107",Lubbock,5,TPP,1/5/2015 9:24:38 AM,,,,"2,329,797,286.274324400000000","193,098.525368584550000"
207,Lubbock,152,"48,303",Lubbock,5,TPP,1/5/2015 9:24:38 AM,,,,"2,326,793,636.450786100000000","193,050.937376551500000"
208,Archer,5,"48,009",Wichita Falls,3,TPP,1/5/2015 9:24:38 AM,,,,"2,390,633,502.426218500000000","195,776.560067921640000"
209,Hockley,111,"48,219",Lubbock,5,TPP,1/5/2015 9:24:38 AM,,,,"2,348,545,600.074568300000000","193,940.050736525560000"
210,Cochran,40,"48,079",Lubbock,5,TPP,1/5/2015 9:24:38 AM,,,,"2,003,765,146.853838400000000","179,700.648734291490000"
211,Fannin,75,"48,147",Paris,1,TPP,1/5/2015 9:24:38 AM,,,,"2,323,581,124.792028400000000","231,792.247288373710000"
212,Cooke,49,"48,097",Wichita Falls,3,TPP,1/5/2015 9:24:38 AM,,,,"2,313,777,651.612786300000000","292,750.643928657110000"
213,Grayson,92,"48,181",Paris,1,TPP,1/5/2015 9:24:38 AM,,,,"2,530,057,123.242455000000000","242,180.884666902250000"
214,Montague,169,"48,337",Wichita Falls,3,TPP,1/5/2015 9:24:38 AM,,,,"2,417,923,453.459032100000000","214,535.191304604320000"
215,Lamar,139,"48,277",Paris,1,TPP,1/5/2015 9:24:38 AM,,,,"2,413,603,956.614290200000000","279,587.728880017530000"
216,Red River,194,"48,387",Paris,1,TPP,1/5/2015 9:24:38 AM,,,,"2,732,795,860.547088600000000","363,518.306966616360000"
217,Clay,39,"48,077",Wichita Falls,3,TPP,1/5/2015 9:24:38 AM,,,,"2,869,916,419.247687800000000","245,807.431806239500000"
218,Wichita,243,"48,485",Wichita Falls,3,TPP,1/5/2015 9:24:38 AM,,,,"1,598,917,896.461430800000000","184,636.759696828110000"
219,Foard,79,"48,155",Childress,25,TPP,1/5/2015 9:24:38 AM,,,,"1,821,153,751.894275700000000","235,291.305521849310000"
220,Cottle,51,"48,101",Childress,25,TPP,1/5/2015 9:24:38 AM,,,,"2,330,472,356.490408900000000","204,776.775674620700000"
221,Motley,173,"48,345",Childress,25,TPP,1/5/2015 9:24:38 AM,,,,"2,559,314,125.723167400000000","202,591.544309470450000"
222,Floyd,78,"48,153",Lubbock,5,TPP,1/5/2015 9:24:38 AM,,,,"2,566,639,329.731887800000000","202,964.417977337580000"
223,Hale,96,"48,189",Lubbock,5,TPP,1/5/2015 9:24:38 AM,,,,"2,597,727,193.506463500000000","204,203.966803304090000"
224,Lamb,140,"48,279",Lubbock,5,TPP,1/5/2015 9:24:38 AM,,,,"2,631,737,298.124568900000000","205,497.834902460480000"
225,Bailey,9,"48,017",Lubbock,5,TPP,1/5/2015 9:24:38 AM,,,,"2,139,741,926.513922000000000","187,500.877220438500000"
226,Wilbarger,244,"48,487",Wichita Falls,3,TPP,1/5/2015 9:24:38 AM,,,,"2,526,996,474.486531700000000","256,526.646411438530000"
227,Hardeman,100,"48,197",Childress,25,TPP,1/5/2015 9:24:38 AM,,,,"1,801,714,111.817127900000000","194,133.291951049580000"
228,Childress,38,"48,075",Childress,25,TPP,1/5/2015 9:24:38 AM,,,,"1,847,196,535.132437000000000","173,430.665533136690000"
229,Hall,97,"48,191",Childress,25,TPP,1/5/2015 9:24:38 AM,,,,"2,340,076,131.238269800000000","193,480.123266966340000"
230,Briscoe,23,"48,045",Childress,25,TPP,1/5/2015 9:24:38 AM,,,,"2,334,984,966.469306000000000","193,214.199266966140000"
231,Swisher,219,"48,437",Lubbock,5,TPP,1/5/2015 9:24:38 AM,,,,"2,334,044,919.483981100000000","193,267.828651142660000"
232,Castro,35,"48,069",Lubbock,5,TPP,1/5/2015 9:24:38 AM,,,,"2,327,290,900.435602200000000","193,166.446844169060000"
233,Parmer,185,"48,369",Lubbock,5,TPP,1/5/2015 9:24:38 AM,,,,"2,290,751,289.001100500000000","191,436.565198597610000"
234,Collingsworth,44,"48,087",Childress,25,TPP,1/5/2015 9:24:38 AM,,,,"2,381,094,062.205157800000000","195,140.292280783380000"
235,Donley,65,"48,129",Childress,25,TPP,1/5/2015 9:24:38 AM,,,,"2,416,896,595.304861500000000","196,638.911693566710000"
236,Armstrong,6,"48,011",Amarillo,4,TPP,1/5/2015 9:24:38 AM,,,,"2,362,090,448.891060400000000","194,740.491384728460000"
237,Randall,191,"48,381",Amarillo,4,TPP,1/5/2015 9:24:38 AM,,,,"2,389,448,681.363461000000000","195,847.365579714880000"
238,Deaf Smith,59,"48,117",Amarillo,4,TPP,1/5/2015 9:24:38 AM,,,,"3,879,618,585.125556900000000","256,604.255177656510000"
239,Wheeler,242,"48,483",Childress,25,TPP,1/5/2015 9:24:38 AM,,,,"2,372,962,618.025259000000000","194,924.154980229590000"
240,Gray,91,"48,179",Amarillo,4,TPP,1/5/2015 9:24:38 AM,,,,"2,411,450,964.259962100000000","196,517.712162180190000"
241,Carson,33,"48,065",Amarillo,4,TPP,1/5/2015 9:24:38 AM,,,,"2,396,645,369.778266000000000","195,721.940213607890000"
242,Potter,188,"48,375",Amarillo,4,TPP,1/5/2015 9:24:38 AM,,,,"2,390,639,582.279552900000000","195,640.809415510220000"
243,Oldham,180,"48,359",Amarillo,4,TPP,1/5/2015 9:24:38 AM,,,,"3,893,653,395.189963300000000","257,627.555968738480000"
244,Hemphill,107,"48,211",Amarillo,4,TPP,1/5/2015 9:24:38 AM,,,,"2,367,773,261.353359700000000","194,622.667253310560000"
245,Roberts,197,"48,393",Amarillo,4,TPP,1/5/2015 9:24:38 AM,,,,"2,396,825,567.175051700000000","195,771.875314570670000"
246,Hutchinson,118,"48,233",Amarillo,4,TPP,1/5/2015 9:24:38 AM,,,,"2,323,480,530.127435200000000","192,855.750315199690000"
247,Moore,171,"48,341",Amarillo,4,TPP,1/5/2015 9:24:38 AM,,,,"2,361,289,913.814255700000000","194,330.880822333680000"
248,Hartley,104,"48,205",Amarillo,4,TPP,1/5/2015 9:24:38 AM,,,,"3,798,215,392.788584700000000","254,485.338885530040000"
249,Lipscomb,148,"48,295",Amarillo,4,TPP,1/5/2015 9:24:38 AM,,,,"2,425,671,122.518996700000000","197,001.377206868580000"
250,Ochiltree,179,"48,357",Amarillo,4,TPP,1/5/2015 9:24:38 AM,,,,"2,389,934,560.879464100000000","195,894.057657436410000"
251,Hansford,99,"48,195",Amarillo,4,TPP,1/5/2015 9:24:38 AM,,,,"2,393,587,253.795921300000000","195,737.436917950950000"
252,Sherman,211,"48,421",Amarillo,4,TPP,1/5/2015 9:24:38 AM,,,,"2,399,271,985.821958500000000","195,972.061601047870000"
253,Dallam,56,"48,111",Amarillo,4,TPP,1/5/2015 9:24:38 AM,,,,"3,913,084,215.707950100000000","257,178.480418468590000"
254,Cass,34,"48,067",Atlanta,19,TPP,1/5/2015 9:24:38 AM,,,,"2,478,266,760.754087900000000","277,680.268630938780000"